{"cameraMode":{"drawMode":3,"name":"Shadow Cascades","section":"Miscellaneous"},"sceneLighting":true,"audioPlay":false,"sceneViewState":{"showFog":false,"showMaterialUpdate":false,"showSkybox":false,"showFlares":false,"showImageEffects":false,"showParticleSystems":true},"in2DMode":false,"pivot":{"x":-5.35463809967041,"y":1.4829893112182618,"z":16.61761474609375},"rotation":{"x":-0.12898163497447968,"y":0.78065425157547,"z":-0.1715470403432846,"w":-0.5869532227516174},"size":15.861549377441407,"orthographic":false}